condition,Baseline V0,Generalisation V2,Robust V1,V2 vs Baseline
Clean,0.87815,0.9648,0.96405,0.08665
blur 0.5,0.79545,0.9533,0.9567,0.15785000000000005
blur 1.0,0.6556,0.93375,0.9238,0.27815
blur 2.0,0.53115,0.89755,0.8862,0.36639999999999995
resize 0.5,0.626,0.92445,0.91675,0.29845
resize 0.25,0.52825,0.8664,0.8486,0.33814999999999995
noise 0.02,0.6351,0.9594,0.9563,0.32430000000000003
noise 0.05,0.64715,0.9558,0.9446,0.30865
noise 0.1,0.50205,0.94225,0.92745,0.44020000000000004
color 0.2,0.8592,0.958,0.95735,0.0988
crop 0.8,0.808,0.94975,0.9429,0.14174999999999993
jpeg 30.0,0.83655,0.9379,0.93395,0.10134999999999994
jpeg 50.0,0.81385,0.94585,0.94115,0.132
jpeg 70.0,0.86925,0.9641,0.9613,0.09484999999999999
jpeg 90.0,0.87725,0.9653,0.9629,0.08805000000000007
